"","x"
"1","good"
"2","grow"
"3","luck"
"4","opportunity"
"5","salary"
"6","try"
"7","development"
"8","employee"
"9","environment"
"10","focus"
"11","poor"
"12","work"
"13","eco"
"14","friendly"
"15","friendlyclean"
"16","helpful"
"17","alignment"
"18","control"
"19","discipline"
"20","reservation"
"21","sector"
"22","small"
"23","speed"
"24","unnecessary"
"25","flexible"
"26","hours"
"27","leaves"
"28","sufficient"
"29","people"
"30","pressure"
"31","campus"
"32","home"
"33","policy"
"34","balance"
"35","life"
"36","nice"
"37","anything"
"38","system"
"39","whole"
"40","activation"
"41","company"
"42","department"
"43","jio"
"44","thetelecom"
"45","great"
"46","motivation"
"47","sharpen"
"48","skills"
"49","can"
"50","cons"
"51","nothing"
"52","think"
"53","best"
"54","knowledge"
"55","learn"
"56","new"
"57","skill"
"58","something"
"59","though"
"60","well"
"61","will"
"62","aggressive"
"63","culture"
"64","freindly"
"65","get"
"66","leadership"
"67","manny"
"68","things"
"69","telecom"
"70","enough"
"71","provided"
"72","job"
"73","low"
"74","security"
"75","hierarchy"
"76","processes"
"77","rigid"
"78","set"
"79","free"
"80","time"
"81","learning"
"82","platform"
"83","growth"
"84","market"
"85","per"
"86","rate"
"87","fast"
"88","growing"
"89","organization"
"90","brand"
"91","portfolio"
"92","reflect"
"93","infra"
"94","policies"
"95","insecurity"
"96","lot"
"97","politics"
"98","regional"
"99","team"
"100","employees"
"101","last"
"102","levels"
"103","since"
"104","yrs"
"105","engagement"
"106","missing"
"107","part"
"108","location"
"109","less"
"110","stress"
"111","facilities"
"112","services"
"113","atmosphere"
"114","proffesional"
"115","safety"
"116","vision"
"117","appraisal"
"118","completely"
"119","even"
"120","paid"
"121","pay"
"122","variable"
"123","lack"
"124","opportunities"
"125","individual"
"126","slow"
"127","oriented"
"128","process"
"129","really"
"130","juniors"
"131","much"
"132","political"
"133","check"
"134","health"
"135","language"
"136","monitoring"
"137","associate"
"138","customer"
"139","issues"
"140","resolve"
"141","downsides"
"142","infocomm"
"143","explore"
"144","seniors"
"145","negative"
"146","comes"
"147","indias"
"148","network"
"149","offer"
"150","lots"
"151","allowances"
"152","appreciation"
"153","favouritism"
"154","financial"
"155","promotions"
"156","shifts"
"157","working"
"158","timing"
"159","technologies"
"160","compared"
"161","compensation"
"162","experience"
"163","buffet"
"164","communication"
"165","country"
"166","every"
"167","india"
"168","needs"
"169","says"
"170","youth"
"171","always"
"172","come"
"173","resolved"
"174","side"
"175","biggest"
"176","providing"
"177","service"
"178","right"
"179","benefits"
"180","compensations"
"181","horrible"
"182","attitude"
"183","belong"
"184","business"
"185","field"
"186","first"
"187","matter"
"188","priority"
"189","holidays"
"190","overtime"
"191","without"
"192","dont"
"193","freshers"
"194","give"
"195","hell"
"196","training"
"197","type"
"198","defined"
"199","properly"
"200","roles"
"201","create"
"202","dealers"
"203","developed"
"204","face"
"205","motivate"
"206","relationship"
"207","decision"
"208","loosing"
"209","making"
"210","planning"
"211","cultural"
"212","emotional"
"213","employe"
"214","make"
"215","organisation"
"216","supportive"
"217","touch"
"218","answer"
"219","day"
"220","leave"
"221","one"
"222","pros"
"223","question"
"224","tough"
"225","want"
"226","management"
"227","increment"
"228","negligible"
"229","loyal"
"230","salaries"
"231","days"
"232","related"
"233","almost"
"234","average"
"235","corner"
"236","industry"
"237","old"
"238","performers"
"239","possible"
"240","reliance"
"241","relocation"
"242","timers"
"243","wide"
"244","within"
"245","administrative"
"246","based"
"247","family"
"248","full"
"249","meritocracy"
"250","minimal"
"251","mumbai"
"252","office"
"253","performance"
"254","review"
"255","run"
"256","therefore"
"257","better"
"258","chance"
"259","huge"
"260","scale"
"261","scope"
"262","awesome"
"263","excellent"
"264","infrastructure"
"265","sports"
"266","improve"
"267","need"
"268","appraisals"
"269","yearly"
"270","driven"
"271","adhoc"
"272","continue"
"273","long"
"274","wont"
"275","credit"
"276","everything"
"277","incentives"
"278","money"
"279","retailers"
"280","fresher"
"281","senior"
"282","bad"
"283","hour"
"284","may"
"285","proper"
"286","thinks"
"287","big"
"288","name"
"289","ambiance"
"290","beautiful"
"291","gym"
"292","internal"
"293","canteen"
"294","load"
"295","career"
"296","place"
"297","start"
"298","didnt"
"299","find"
"300","now"
"301","till"
"302","pleasure"
"303","workculture"
"304","feasible"
"305","timings"
"306","although"
"307","building"
"308","conditions"
"309","goo"
"310","joined"
"311","sessions"
"312","age"
"313","count"
"314","elders"
"315","fingers"
"316","lifework"
"317","mostly"
"318","deal"
"319","peoples"
"320","sap"
"321","systemhelpful"
"322","concall"
"323","holiday"
"324","night"
"325","public"
"326","found"
"327","matching"
"328","reputed"
"329","requirement"
"330","care"
"331","technical"
"332","encouraged"
"333","ideas"
"334","innovative"
"335","procurement"
"336","product"
"337","averaged"
"338","others"
"339","seen"
"340","encourage"
"341","late"
"342","middle"
"343","older"
"344","retaining"
"345","young"
"346","fastest"
"347","promising"
"348","world"
"349","applicable"
"350","claims"
"351","post"
"352","satisfiable"
"353","able"
"354","complaints"
"355","concerned"
"356","persons"
"357","sales"
"358","newly"
"359","take"
"360","change"
"361","deployment"
"362","futuristic"
"363","power"
"364","also"
"365","clear"
"366","path"
"367","recognition"
"368","rewards"
"369","high"
"370","means"
"371","target"
"372","challenging"
"373","exposure"
"374","technology"
"375","balanced"
"376","cost"
"377","hire"
"378","cab"
"379","facility"
"380","flexibility"
"381","shift"
"382","way"
"383","follow"
"384","just"
"385","empowered"
"386","art"
"387","cutting"
"388","edge"
"389","state"
"390","hike"
"391","perks"
"392","official"
"393","approach"
"394","planned"
"395","project"
"396","towards"
"397","dropped"
"398","gets"
"399","midway"
"400","professional"
"401","projects"
"402","realistic"
"403","along"
"404","code"
"405","companies"
"406","complex"
"407","domain"
"408","fixing"
"409","lead"
"410","managerial"
"411","many"
"412","software"
"413","unlike"
"414","vertical"
"415","complexity"
"416","done"
"417","enjoy"
"418","perfect"
"419","personal"
"420","achievement"
"421","conducted"
"422","future"
"423","hod"
"424","point"
"425","samsung"
"426","sharing"
"427","view"
"428","challenges"
"429","know"
"430","kpi"
"431","level"
"432","lte"
"433","parameter"
"434","quality"
"435","satisfaction"
"436","interference"
"437","manager"
"438","respect"
"439","experienced"
"440","folks"
"441","typical"
"442","underpaid"
"443","dream"
"444","passion"
"445","wrok"
"446","achive"
"447","love"
"448","cares"
"449","mukesh"
"450","authority"
"451","boss"
"452","direction"
"453","helping"
"454","mid"
"455","disrupted"
"456","employment"
"457","entire"
"458","least"
"459","options"
"460","chances"
"461","matters"
"462","reference"
"463","engineers"
"464","staff"
"465","makes"
"466","thing"
"467","different"
"468","don"
"469","meaning"
"470","rest"
"471","pro"
"472","compoff"
"473","else."
"474","expects"
"475","recruitment"
"476","sundays"
"477","tenure"
"478","top"
"479","amazing"
"480","products"
"481","unorganized"
"482","architect"
"483","monotonous"
"484","apart"
"485","badminton"
"486","basketball"
"487","etc"
"488","food"
"489","lawntennis"
"490","like"
"491","allocated"
"492","buttering"
"493","otherwise"
"494","sit"
"495","watch"
"496","worst"
"497","extra"
"498","latest"
"499","lacked"
"500","busy"
"501","everyone"
"502","impressing"
"503","complete"
"504","daily"
"505","hrs"
"506","thats"
"507","improvement"
"508","kill"
"509","used"
"510","giving"
"511","incentive"
"512","liked"
"513","managers"
"514","members"
"515","ones"
"516","partial"
"517","skilled"
"518","thus"
"519","smooth"
"520","end"
"521","pushing"
"522","starting"
"523","advantages"
"524","leads"
"525","beyond"
"526","joining"
"527","mistake"
"528","available"
"529","resources"
"530","con"
"531","gap"
"532","places"
"533","transparent"
"534","mates"
"535","positive"
"536","support"
"537","fix"
"538","drop"
"539","station"
"540","boys"
"541","hectic"
"542","bonuses"
"543","associated"
"544","become"
"545","handle"
"546","jack"
"547","trades"
"548","apex"
"549","approve"
"550","clarity"
"551","clue"
"552","decisions"
"553","except"
"554","firefighting"
"555","given"
"556","going"
"557","hands"
"558","happen"
"559","mode"
"560","next."
"561","nobody"
"562","plans"
"563","rests"
"564","sometimes"
"565","teams"
"566","moderate"
"567","sorted"
"568","december"
"569","ethics"
"570","little"
"571","professionalism"
"572","year"
"573","alumni"
"574","constitue"
"575","iit"
"576","still"
"577","sure"
"578","contacts"
"579","got"
"580","smart"
"581","discussions"
"582","loads"
"583","vcs"
"584","zero"
"585","extremely"
"586","corporate"
"587","self"
"588","space"
"589","person"
"590","stay"
"591","useless"
"592","dirty"
"593","spend"
"594","standard"
"595","upper"
"596","freedom"
"597","hikes"
"598","non"
"599","cheerful"
"600","fields"
"601","variety"
"602","lively"
"603","employeesis"
"604","use"
"605","saturday"
"606","option"
"607","irritating"
"608","task"
"609","achieve"
"610","alway"
"611","increments"
"612","payment"
"613","ready"
"614","appreciated"
"615","cent"
"616","getting"
"617","handling"
"618","operations"
"619","percent"
"620","practical"
"621","results"
"622","wants"
"623","replacement"
"624","medical"
"625","canteens"
"626","clean"
"627","maintained"
"628","slowless"
"629","cse"
"630","especially"
"631","none"
"632","hni"
"633","lets"
"634","mismatch"
"635","roads"
"636","role"
"637","tells"
"638","automation"
"639","choose"
"640","tools"
"641","gain"
"642","satisfied"
"643","wider"
"644","thier"
"645","structure"
"646","bring"
"647","healthy"
"648","monthly"
"649","profile"
"650","allow"
"651","challenge"
"652","implementing"
"653","liberty"
"654","retirement"
"655","ask"
"656","kra"
"657","moment"
"658","permanent"
"659","carrier"
"660","started"
"661","condition"
"662","willing"
"663","open"
"664","hill"
"665","rivalry"
"666","curve"
"667","learnig"
"668","assets"
"669","consider"
"670","hopeless"
"671","minds"
"672","help"
"673","play"
"674","engineer"
"675","feel"
"676","tension"
"677","integration"
"678","advanced"
"679","competition"
"680","quickly"
"681","show"
"682","facilitys"
"683","activities"
"684","fun"
"685","recent"
"686","easy"
"687","major"
"688","maybe"
"689","particular"
"690","someone"
"691","due"
"692","aspects"
"693","works"
"694","bonus"
"695","fair"
"696","standards"
"697","ctc"
"698","previous"
"699","generally"
"700","class"
"701","compromise"
"702","hence"
"703","parallel"
"704","hierarchical"
"705","highly"
"706","stick"
"707","org"
"708","sound"
"709","technically"
"710","lucky"
"711","comapny"
"712","ever"
"713","join"
"714","accountability"
"715","archaic"
"716","talks"
"717","terms"
"718","document"
"719","transfer"
"720","causes"
"721","local"
"722","particularly"
"723","problems"
"724","resourcing"
"725","butter"
"726","counted"
"727","hard"
"728","promotion"
"729","branch"
"730","manipulate"
"731","present"
"732","unethical"
"733","empowerment"
"734","fundamental"
"735","kpis"
"736","managing"
"737","presentations"
"738","short"
"739","takes"
"740","term"
"741","lesser"
"742","progression"
"743","relatively"
"744","streamlined"
"745","goat"
"746","guidance"
"747","member"
"748","often"
"749","required"
"750","scape"
"751","times"
"752","utmost"
"753","effecting"
"754","leading"
"755","scores"
"756","systems"
"757","targets"
"758","doesnt"
"759","quiet"
"760","gifts"
"761","solve"
"762","handled"
"763","outsourced"
"764","positions"
"765","believe"
"766","bother"
"767","let"
"768","rather"
"769","speaking"
"770","tell"
"771","worked"
"772","yes"
"773","limited"
"774","drive"
"775","extending"
"776","keeps"
"777","changing"
"778","fixed"
"779","keep"
"780","month"
"781","offs"
"782","weekly"
"783","worklife"
"784","executives"
"785","difficult"
"786","incompetent"
"787","rid"
"788","tendency"
"789","gaps"
"790","ownership"
"791","mention"
"792","outdoor"
"793","X30mins"
"794","asisstant"
"795","breaks"
"796","cant"
"797","commision"
"798","cover"
"799","customers"
"800","dirt"
"801","meetings"
"802","phoneshow"
"803","region"
"804","simple"
"805","sort"
"806","stores"
"807","tech"
"808","treat"
"809","unrealistic"
"810","favoritism"
"811","hiring"
"812","merit"
"813","gives"
"814","factor"
"815","advisors"
"816","constantly"
"817","exists"
"818","goal"
"819","joke"
"820","move"
"821","rampant"
"822","real"
"823","runs"
"824","seems"
"825","commission"
"826","improved"
"827","varied"
"828","wages"
"829","X1015"
"830","actions"
"831","amount"
"832","approval"
"833","band"
"834","basis"
"835","bell"
"836","common"
"837","completed"
"838","deliverables"
"839","donâ..t"
"840","efforts"
"841","finance"
"842","happened"
"843","higher"
"844","lakhs"
"845","later"
"846","manage"
"847","note"
"848","pathetic"
"849","please"
"850","rating"
"851","release"
"852","remain"
"853","saving"
"854","stop"
"855","subject"
"856","tax"
"857","transport"
"858","vodafone"
"859","vssi"
"860","wfh"
"861","another"
"862","colleagues"
"863","fight"
"864","lie"
"865","lies"
"866","careful"
"867","mentioning"
"868","negotiation"
"869","stage"
"870","listen"
"871","reporting"
"872","bit"
"873","govt"
"874","tedious"
"875","promoted"
"876","years"
"877","reduction"
"878","standardization"
"879","maximum"
"880","changes"
"881","unpredictable"
"882","workload"
"883","progress"
"884","circles"
"885","investment"
"886","london"
"887","performing"
"888","efficiency"
"889","collaboration"
"890","lacks"
"891","unstructured"
"892","values"
"893","affect"
"894","manual"
"895","sometime"
"896","workplace"
"897","problem"
"898","pressures"
"899","ladder"
"900","lost"
"901","mobile"
"902","moving"
"903","requires"
"904","states"
"905","capable"
"906","men"
"907","openly"
"908","plenty"
"909","women"
"910","quite"
"911","comission"
"912","gained"
"913","lose"
"914","miss"
"915","scheme"
"916","challange"
"917","designation"
"918","expect"
"919","hired"
"920","instead"
"921","issue"
"922","master"
"923","months"
"924","movement"
"925","anyone"
"926","centre"
"927","delegation"
"928","friends"
"929","might"
"930","shared"
"931","testing"
"932","twice"
"933","either"
"934","fine"
"935","table"
"936","improves"
"937","mistakes"
"938","store"
"939","adapt"
"940","isnt"
"941","see"
"942","marketing"
"943","large"
"944","behaviour"
"945","influence"
"946","morning"
"947","entering"
"948","limit"
"949","workonly"
"950","red"
"951","tape"
"952","answers"
"953","areas"
"954","back"
"955","description"
"956","left"
"957","meeting"
"958","plan"
"959","push"
"960","receive"
"961","respected"
"962","solutions"
"963","tasks"
"964","timeshow"
"965","around"
"966","expected"
"967","female"
"968","male"
"969","running"
"970","turn"
"971","weekends"
"972","already"
"973","delayed"
"974","interact"
"975","rush"
"976","avoid"
"977","city"
"978","far"
"979","ppl"
"980","pune"
"981","sitting"
"982","sucks"
"983","stressing"
"984","impressed"
"985","dull"
"986","failures"
"987","procedures"
"988","restricted"
"989","hardwork"
"990","X1112"
"991","abusing"
"992","action"
"993","bosses"
"994","cheap"
"995","complaining"
"996","diversity"
"997","front"
"998","perform"
"999","wait"
"1000","outside"
"1001","stressful"
"1002","coverage"
"1003","head"
"1004","offers"
"1005","maintain"
"1006","annual"
"1007","andor"
"1008","chiefs"
"1009","conflicting"
"1010","dept"
"1011","heads"
"1012","line"
"1013","peers"
"1014","priorities"
"1015","putting"
"1016","success"
"1017","tend"
"1018","competitiveness"
"1019","kills"
"1020","three"
"1021","group"
"1022","frequently"
"1023","regularly"
"1024","packages"
"1025","par"
"1026","fantastic"
"1027","indian"
"1028","mindsets"
"1029","say"
"1030","X247"
"1031","deliver"
"1032","responsibility"
"1033","account"
"1034","attrition"
"1035","bla"
"1036","box"
"1037","bpos"
"1038","briefing"
"1039","carry"
"1040","case"
"1041","client"
"1042","clumsy"
"1043","comparison"
"1044","direct"
"1045","existing"
"1046","fact"
"1047","fashion"
"1048","frequent"
"1049","headache"
"1050","hear"
"1051","hygienic"
"1052","induction"
"1053","innovationout"
"1054","lala"
"1055","leaving"
"1056","loud"
"1057","negotiate"
"1058","numbers"
"1059","parties"
"1060","pills"
"1061","pls"
"1062","repetition"
"1063","sad"
"1064","segment"
"1065","slog"
"1066","sponsor"
"1067","sub"
"1068","thinkingshow"
"1069","unfair"
"1070","unwanted"
"1071","voice"
"1072","workings"
"1073","eats"
"1074","productivity"
"1075","external"
"1076","wise"
"1077","follower"
"1078","integrity"
"1079","model"
"1080","operating"
"1081","wasted"
"1082","X2nd"
"1083","abd"
"1084","apply"
"1085","atleast"
"1086","award"
"1087","cable"
"1088","certification"
"1089","chosen"
"1090","coffee"
"1091","companys"
"1092","concern"
"1093","dedicated"
"1094","deserving"
"1095","gaining"
"1096","hope"
"1097","idea"
"1098","insane"
"1099","losing"
"1100","machine"
"1101","made"
"1102","mainly"
"1103","never"
"1104","package"
"1105","pantry"
"1106","pass"
"1107","pool"
"1108","position"
"1109","reach"
"1110","recruited"
"1111","rounds"
"1112","strategy"
"1113","talent"
"1114","talented"
"1115","thoughts"
"1116","took"
"1117","two"
"1118","via"
"1119","wireless"
"1120","bullying"
"1121","ethical"
"1122","havent"
"1123","thinking"
"1124","upon"
"1125","youre"
"1126","waste"
"1127","bureaucratic"
"1128","disorganised"
"1129","overworked"
"1130","parking"
"1131","stretched"
"1132","despite"
"1133","lip"
"1134","specified"
"1135","actually"
"1136","biased"
"1137","gender"
"1138","onsite"
"1139","mission"
"1140","regulations"
"1141","rules"
"1142","annoying"
"1143","adoption"
"1144","house"
"1145","implementation"
"1146","moved"
"1147","players"
"1148","stuck"
"1149","evaluation"
"1150","opaque"
"1151","area"
"1152","expertise"
"1153","noticed"
"1154","risk"
"1155","stand"
"1156","advice"
"1157","barely"
"1158","cause"
"1159","competitive"
"1160","information"
"1161","put"
"1162","requests"
"1163","responsibilities"
"1164","terrible"
"1165","understanding"
"1166","global"
"1167","moves"
"1168","upward"
"1169","entities"
"1170","awful"
"1171","decades"
"1172","specially"
"1173","administration"
"1174","efficient"
"1175","emphasis"
"1176","frustration"
"1177","however"
"1178","organized"
"1179","reliable"
"1180","shows"
"1181","somehow"
"1182","theory"
"1183","mentioned"
"1184","expensive"
"1185","rotational"
"1186","girls"
"1187","strict"
"1188","learnings"
"1189","struggling"
"1190","cadre"
"1191","lower"
"1192","mnc"
"1193","car"
"1194","illness"
"1195","mental"
"1196","pretty"
"1197","taken"
"1198","thanks"
"1199","goes"
"1200","guy"
"1201","junior"
"1202","kind"
"1203","letter"
"1204","base"
"1205","focusing"
"1206","fundametals"
"1207","hsw"
"1208","program"
"1209","structured"
"1210","amongst"
"1211","background"
"1212","circle"
"1213","close"
"1214","decline"
"1215","documented"
"1216","drastically"
"1217","general"
"1218","highest"
"1219","individuals"
"1220","probably"
"1221","recommended"
"1222","result"
"1223","similar"
"1224","smaller"
"1225","spineless"
"1226","words"
"1227","depends"
"1228","dance"
"1229","deductions"
"1230","everywhere"
"1231","filled"
"1232","hype"
"1233","intention"
"1234","stealing"
"1235","whenever"
"1236","arrangement"
"1237","guys"
"1238","rare"
"1239","seating"
"1240","trust"
"1241","wrong"
"1242","managements"
"1243","morale"
"1244","adapting"
"1245","attain"
"1246","earn"
"1247","entry"
"1248","externally"
"1249","ote"
"1250","sheer"
"1251","slightly"
"1252","dnt"
"1253","negatives"
"1254","X300â"
"1255","cafeteria"
"1256","criticise"
"1257","existent"
"1258","inexperienced"
"1259","number"
"1260","recruiting"
"1261","unhygienic"
"1262","urgent"
"1263","extended"
"1264","uncertainty"
"1265","endless"
"1266","bus"
"1267","seats"
"1268","badly"
"1269","behave"
"1270","bully"
"1271","consistently"
"1272","enterprise"
"1273","executive"
"1274","retain"
"1275","connect"
"1276","locations"
"1277","slower"
"1278","formal"
"1279","faster"
"1280","operate"
"1281","jump"
"1282","contract"
"1283","nightmare"
"1284","developers"
"1285","developing"
"1286","possibility"
"1287","king"
"1288","explain"
"1289","interview"
"1290","match"
"1291","ruined"
"1292","zonal"
"1293","compare"
"1294","scm"
"1295","mindout"
"1296","pressuring"
"1297","telling"
"1298","trained"
"1299","behind"
"1300","bureaucracy"
"1301","center"
"1302","complicated"
"1303","feedback"
"1304","mediocrity"
"1305","potential"
"1306","promotes"
"1307","regarding"
"1308","desk"
"1309","hot"
"1310","trainings"
"1311","water"
"1312","lethargic"
"1313","developingthen"
"1314","hand"
"1315","looking"
"1316","networking"
"1317","preference"
"1318","server"
"1319","techincal"
"1320","troubleshooting"
"1321","climb"
"1322","look"
"1323","channel"
"1324","expectations"
"1325","totally"
"1326","tremendous"
"1327","firm"
"1328","implemented"
"1329","specific"
"1330","depend"
"1331","discouragement"
"1332","lear"
"1333","legacy"
"1334","cut"
"1335","ridiculous"
"1336","brains"
"1337","candidates"
"1338","dumb"
"1339","leaders"
"1340","partiality"
"1341","value"
"1342","dominating"
"1343","transparency"
"1344","qualified"
"1345","insurance"
"1346","stagnated"
"1347","students"
"1348","mess"
"1349","books"
"1350","functions"
"1351","weak"
"1352","delivery"
"1353","mature"
"1354","effort"
"1355","aware"
"1356","order"
"1357","village"
"1358","recently"
"1359","behaviours"
"1360","genuine"
"1361","tolerated"
"1362","came"
"1363","provide"
"1364","innovation"
"1365","stagnant"
"1366","fiscal"
"1367","objectives"
"1368","stoppers"
"1369","unprofessional"
"1370","ceo"
"1371","escalations"
"1372","reduced"
"1373","sight"
"1374","pick"
"1375","cumbersome"
"1376","internally"
"1377","organizational"
"1378","behavior"
"1379","impact"
"1380","contracts"
"1381","discount"
"1382","discounts"
"1383","including"
"1384","phone"
"1385","reduce"
"1386","remember"
"1387","raise"
"1388","increasing"
"1389","departments"
"1390","involve"
"1391","calls"
"1392","egos"
"1393","sustain"
"1394","roll"
"1395","overloaded"
"1396","single"
"1397","broken"
"1398","attetniton"
"1399","gave"
"1400","ops"
"1401","puppers"
"1402","weeks"
"1403","claim"
"1404","depending"
"1405","peak"
"1406","five"
"1407","owned"
"1408","page"
"1409","schedule"
"1410","week"
"1411","call"
"1412","sir"
"1413","outsourcing"
"1414","compensated"
"1415","fairly"
"1416","repetitive"
"1417","relations"
"1418","designations"
"1419","situations"
"1420","away"
"1421","dead"
"1422","phones"
"1423","recognized"
"1424","paymaster"
"1425","youve"
"1426","carreer"
"1427","implement"
"1428","longer"
"1429","necessary"
"1430","size"
"1431","travel"
"1432","empower"
"1433","wit"
"1434","function."
"1435","useful"
"1436","X1process"
"1437","movements"
"1438","demands"
"1439","opportunitiescanteen"
"1440","elephant"
"1441","normal"
"1442","situation"
"1443","discover"
"1444","draining"
"1445","powers"
"1446","ensure"
"1447","crappy"
"1448","core"
"1449","mgmt"
"1450","opinion"
"1451","human"
"1452","interaction"
"1453","X2030"
"1454","rarely"
"1455","slave"
"1456","anybody"
"1457","asked"
"1458","blamed"
"1459","clients"
"1460","double"
"1461","dutch"
"1462","everyday"
"1463","exist"
"1464","forget"
"1465","immature"
"1466","preferred"
"1467","queries"
"1468","religion"
"1469","reply"
"1470","return"
"1471","safe"
"1472","stupid"
"1473","threat"
"1474","types"
"1475","weekend"
"1476","competitors"
"1477","consequently"
"1478","workers"
"1479","focused"
"1480","programs"
"1481","assigned"
"1482","subjective"
"1483","attention"
"1484","carrer"
"1485","cascade"
"1486","changed"
"1487","drain"
"1488","heavily"
"1489","initially"
"1490","international"
"1491","lucrativeshow"
"1492","modern"
"1493","national"
"1494","newburymeaning"
"1495","norm"
"1496","offices"
"1497","overall"
"1498","peopleaka"
"1499","random"
"1500","ratings"
"1501","rationale"
"1502","reimbursement"
"1503","relation"
"1504","remote"
"1505","removed"
"1506","room"
"1507","share"
"1508","telcos"
"1509","told"
"1510","workshop"
"1511","workshops"
"1512","competitivity"
"1513","concept"
"1514","current"
"1515","employeestoo"
"1516","X2003"
"1517","ambience"
"1518","bengali"
"1519","court"
"1520","creates"
"1521","tool"
"1522","using"
"1523","harsh"
"1524","impossible"
"1525","quantity"
"1526","helped"
"1527","follows"
"1528","disrupt"
"1529","ongoing"
"1530","needed"
"1531","sense"
"1532","bellow"
"1533","indicators"
"1534","unimportant"
"1535","multiple"
"1536","act"
"1537","discrimination"
"1538","slowly"
"1539","worse"
"1540","ages"
"1541","promoting"
"1542","decent"
"1543","inefficient"
"1544","okay"
"1545","several"
"1546","ambitious"
"1547","limits"
"1548","trapped"
"1549","initiatives"
"1550","looks"
"1551","abroad"
"1552","dynamic"
"1553","spoiled"
"1554","happy"
"1555","stopped"
"1556","advise"
"1557","appeal"
"1558","assume"
"1559","assured"
"1560","blower"
"1561","closureshow"
"1562","complain"
"1563","conduct"
"1564","conscious"
"1565","defense"
"1566","difference"
"1567","hearing"
"1568","hero"
"1569","honesty"
"1570","live"
"1571","practice"
"1572","prehistoric"
"1573","protect"
"1574","receiving"
"1575","redressal"
"1576","reports"
"1577","retaliated"
"1578","serious"
"1579","unlucky"
"1580","violation"
"1581","whether"
"1582","whistle"
"1583","peer"
"1584","sunday"
"1585","evolve"
"1586","budgets"
"1587","mile"
"1588","recognising"
"1589","reward"
"1590","rewarding"
"1591","trying"
"1592","wring"
"1593","yet"
"1594","romania"
"1595","example"
"1596","increase"
"1597","promote"
"1598","enjoyed"
"1599","social"
"1600","allowance"
"1601","companyshow"
"1602","image"
"1603","parent"
"1604","qualifications"
"1605","usually"
"1606","travelling"
"1607","finish"
"1608","following"
"1609","simplicity"
"1610","dependent"
"1611","suitable"
"1612","sell"
"1613","teamwork"
"1614","organisations"
"1615","across"
"1616","flat"
"1617","prospect"
"1618","relative"
"1619","resulting"
"1620","holding"
"1621","managment"
"1622","personally"
"1623","regulatory"
"1624","offerings"
"1625","considering"
"1626","dealing"
"1627","jobs"
"1628","knows"
"1629","supposed"
"1630","allowed"
"1631","exploiting"
"1632","actual"
"1633","arent"
"1634","confusing"
"1635","recruits"
"1636","delay"
"1637","continuous"
"1638","meet"
"1639","period"
"1640","save"
"1641","park"
"1642","past"
"1643","chase"
"1644","deadlines"
"1645","suffer"
"1646","consistent"
"1647","hit"
"1648","important"
"1649","located"
"1650","min"
"1651","pain"
"1652","style"
"1653","escalation"
"1654","nature"
"1655","wish"
"1656","anywhere"
"1657","football"
"1658","hearted"
"1659","pushed"
"1660","skewed"
"1661","strong"
"1662","currently"
"1663","unhealthy"
"1664","proud"
"1665","eligible"
"1666","posting"
"1667","accepted"
"1668","connected"
"1669","consulting"
"1670","divide"
"1671","east"
"1672","fire"
"1673","talk"
"1674","trouble"
"1675","extreme"
"1676","pace"
"1677","extensive"
"1678","certain"
"1679","inflexible"
"1680","overload"
"1681","schedules"
"1682","theres"
"1683","agreement"
"1684","countries"
"1685","painful"
"1686","ability"
"1687","merger"
"1688","airtel"
"1689","acquisition"
"1690","excessive"
"1691","recruit"
"1692","disadvantages"
"1693","affected"
"1694","approvals"
"1695","met"
"1696","X15000"
"1697","fresh"
"1698","graduates"
"1699","salaryworking"
"1700","taking"
"1701","disadvantage"
"1702","intimidating"
"1703","reviews"
"1704","telco"
"1705","heavy"
"1706","manger"
"1707","advance"
"1708","easily"
"1709","ground"
"1710","stiff"
"1711","hirerchy"
"1712","access"
"1713","floors"
"1714","played"
"1715","toilets"
"1716","key"
"1717","manner"
"1718","beings"
"1719","bunch"
"1720","directors"
"1721","genuinely"
"1722","hide"
"1723","ive"
"1724","markets"
"1725","paying"
"1726","relationships"
"1727","stuff"
"1728","ways"
"1729","white"
"1730","transportation"
"1731","coordinate"
"1732","stresslots"
"1733","train"
"1734","starter"
"1735","environments"
"1736","known"
"1737","tries"
"1738","typically"
"1739","beginning"
"1740","realize"
"1741","school"
"1742","somebody"
"1743","perception"
"1744","animals"
"1745","biting"
"1746","inhumane"
"1747","publicize"
"1748","treatment"
"1749","turns"
"1750","checks"
"1751","effectiveness"
"1752","madhya"
"1753","mangers"
"1754","pradesh"
"1755","regions"
"1756","senor"
"1757","werent"
"1758","gud"
"1759","dislike"
"1760","earning"
"1761","points"
"1762","sake"
"1763","true"
"1764","resource"
"1765","traffic"
"1766","fmcg"
"1767","parts"
"1768","cases"
"1769","cities"
"1770","settle"
"1771","shifting"
"1772","various"
"1773","notice"
"1774","serving"
"1775","upcoming"
"1776","desking"
"1777","interested"
"1778","visibility"
"1779","advisor"
"1780","affects"
"1781","alike"
"1782","costs"
"1783","customershow"
"1784","devices"
"1785","disconnected"
"1786","shocking"
"1787","simply"
"1788","soon"
"1789","understaffed"
"1790","club"
"1791","promised"
"1792","shut"
"1793","unless"
"1794","deep"
"1795","rubbish"
"1796","experiences"
"1797","uniform"
"1798","tracker"
"1799","unexpected"
"1800","wanted"
"1801","bands"
"1802","enogh"
"1803","demanding"
"1804","awards"
"1805","considered"
"1806","definitely"
"1807","fault"
"1808","delivering"
"1809","blame"
"1810","culls"
"1811","fourth"
"1812","headcount"
"1813","monopolistically"
"1814","pointing"
"1815","priced"
"1816","quarter"
"1817","regular"
"1818","restaurants"
"1819","rise"
"1820","silos"
"1821","stability"
"1822","centers"
"1823","centric"
"1824","difficulties"
"1825","mean"
"1826","benefit"
"1827","balace"
"1828","forward"
"1829","ahemdabad"
"1830","cash"
"1831","transaction"
"1832","havin"
"1833","hires"
"1834","noone"
"1835","prohibit"
"1836","convenience"
"1837","flaws"
"1838","mediocre"
"1839","unavailability"
"1840","branches"
"1841","worker"
"1842","processmajor"
"1843","irrespective"
"1844","lay"
"1845","secnarios"
"1846","functioning"
"1847","verticals"
"1848","effectively"
"1849","paper"
"1850","paperless"
"1851","paced"
"1852","prepared"
"1853","risks"
"1854","ahead"
"1855","restriction"
"1856","graduate"
"1857","agree"
"1858","bland"
"1859","grad"
"1860","improvements"
"1861","placed"
"1862","placement"
"1863","rotations"
"1864","switch"
"1865","fit"
"1866","goals"
"1867","newbury"
"1868","overly"
"1869","reality"
"1870","step"
"1871","main"
"1872","performed"
"1873","praises"
"1874","reason"
"1875","received"
"1876","recognize"
"1877","causing"
"1878","deployments"
"1879","leverage"
"1880","spending"
"1881","bossy"
"1882","boring"
"1883","among"
"1884","newer"
"1885","treats"
"1886","abusive"
"1887","forced"
"1888","kms"
"1889","locally"
"1890","supervisorshow"
"1891","threatening"
"1892","word"
"1893","government"
"1894","playing"
"1895","regulation"
"1896","businesses"
"1897","advantage"
"1898","connections"
"1899","interests"
"1900","undue"
"1901","agile"
"1902","insensitive"
"1903","rude"
"1904","motivated"
"1905","politically"
"1906","courts"
"1907","tennis"
"1908","offroll"
"1909","smile"
"1910","suppose"
"1911","belly"
"1912","button"
"1913","central"
"1914","excellence"
"1915","keen"
"1916","operational"
"1917","story"
"1918","whereas"
"1919","conference"
"1920","constant"
"1921","threats"
"1922","bandings"
"1923","excess"
"1924","routine"
"1925","laid"
"1926","response"
"1927","timely"
"1928","diversification"
"1929","incomplete"
"1930","quick"
"1931","responses"
"1932","sloppy"
"1933","exposures"
"1934","financials"
"1935","seek"
"1936","add"
"1937","amenities"
"1938","cool"
"1939","equity"
"1940","provides"
"1941","wonderful"
"1942","choice"
"1943","employer"
"1944","notch"
"1945","professionals"
"1946","recommend"
"1947","bharti"
"1948","valuable"
"1949","opportunites"
"1950","approachable"
"1951","pan"
"1952","africa"
"1953","footprint"
"1954","kenya"
"1955","data"
"1956","maternity"
"1957","stable"
"1958","multinational"
"1959","constraints"
"1960","independent"
"1961","online"
"1962","initial"
"1963","blaming"
"1964","according"
"1965","conflict"
"1966","contact"
"1967","enhancing"
"1968","keeping"
"1969","maintaining"
"1970","officials"
"1971","partnerships"
"1972","resolution"
"1973","responsible"
"1974","revenue"
"1975","secure"
"1976","status"
"1977","trends"
"1978","unlimited"
"1979","cross"
"1980","financially"
"1981","functional"
"1982","globally"
"1983","analytical"
"1984","entrepreneurial"
"1985","spirit"
"1986","learnt"
"1987","diff"
"1988","creating"
"1989","brands"
"1990","presence"
"1991","numerous"
"1992","motivating"
"1993","leader"
"1994","enthusiastic"
"1995","pays"
"1996","energy"
"1997","feeling"
"1998","kept"
"1999","design"
"2000","budget"
"2001","board"
"2002","contributing"
"2003","ethic"
"2004","offered"
"2005","satisfy"
"2006","unique"
"2007","workshow"
"2008","X100"
"2009","satisfactory"
"2010","equal"
"2011","opinions"
"2012","valued"
"2013","provider"
"2014","atmoshphere"
"2015","addition"
"2016","allows"
"2017","geographical"
"2018","remuneration"
"2019","no1"
"2020","multi"
"2021","respectful"
"2022","distribution"
"2023","rural"
"2024","ample"
"2025","unbelievable"
"2026","internet"
"2027","largest"
"2028","welcoming"
"2029","equality"
"2030","diverse"
"2031","toes"
"2032","range"
"2033","nights"
"2034","outlook"
"2035","dinner"
"2036","outing"
"2037","crossfunctional"
"2038","innovate"
"2039","spent"
"2040","transformed"
"2041","truly"
"2042","reimbursements"
"2043","trainning"
"2044","helps"
"2045","fringe"
"2046","engaging"
"2047","investing"
"2048","tons"
"2049","dth"
"2050","created"
"2051","enhance"
"2052","fundamentals"
"2053","practices"
"2054","mangement"
"2055","broadband"
"2056","flexi"
"2057","immense"
"2058","retail"
"2059","rewarded"
"2060","operator"
"2061","basics"
"2062","analysis"
"2063","easier"
"2064","spread"
"2065","telecommunication"
"2066","everybody"
"2067","X3good"
"2068","rich"
"2069","assignments"
"2070","broaden"
"2071","enriching"
"2072","entertainment"
"2073","exciting"
"2074","journey"
"2075","media"
"2076","stimulating"
"2077","intern"
"2078","backgrounds"
"2079","festivals"
"2080","breaking"
"2081","guide"
"2082","lateral"
"2083","anyways"
"2084","chaotic"
"2085","collaborate"
"2086","directions"
"2087","fighting"
"2088","launch"
"2089","likes"
"2090","portal"
"2091","vacation"
"2092","decison"
"2093","forever"
"2094","game"
"2095","cheating"
"2096","build"
"2097","activity"
"2098","grade"
"2099","attendance"
"2100","basic"
"2101","shout"
"2102","god"
"2103","vendor"
"2104","force"
"2105","preferences"
"2106","suggest"
"2107","talents"
"2108","mba"
"2109","X3no"
"2110","define"
"2111","noisy"
"2112","swipe"
"2113","strongly"
"2114","treated"
"2115","nicely"
"2116","mark"
"2117","coming"
"2118","worthless"
"2119","arrogant"
"2120","express"
"2121","fish"
"2122","joiners"
"2123","execution"
"2124","card"
"2125","pli"
"2126","vague"
"2127","history"
"2128","navi"
"2129","imagine"
"2130","poorly"
"2131","man"
"2132","excel"
"2133","said"
"2134","course"
"2135","fell"
"2136","sick"
"2137","prefer"
"2138","cared"
"2139","babu"
"2140","inform"
"2141","prior"
"2142","included"
"2143","regardless"
"2144","saturdays"
"2145","seem"
"2146","youll"
"2147","backstabbing"
"2148","developer"
"2149","bond"
"2150","beat"
"2151","blood"
"2152","bothered"
"2153","followed"
"2154","forces"
"2155","happens"
"2156","impress"
"2157","marathi"
"2158","minor"
"2159","procedure"
"2160","retire"
"2161","worlds"
"2162","frustrations"
"2163","final"
"2164","startup"
"2165","body"
"2166","communications"
"2167","assurance"
"2168","importance"
"2169","lazy"
"2170","aside"
"2171","half"
"2172","workforce"
"2173","consumer"
"2174","coordination"
"2175","unfriendly"
"2176","cooperative"
"2177","bashing"
"2178","ece"
"2179","X365"
"2180","info"
"2181","consideration"
"2182","interest"
"2183","vacancies"
"2184","comments"
"2185","anymore"
"2186","duties"
"2187","directionless"
"2188","engineering"
"2189","architecture"
"2190","productive"
"2191","awhile"
"2192","confused"
"2193","evening"
"2194","lunch"
"2195","private"
"2196","transfers"
"2197","lived"
"2198","mails"
"2199","views"
"2200","becomes"
"2201","supervision"
"2202","industries"
"2203","influential"
"2204","unfortunately"
"2205","wage"
"2206","clearly"
"2207","heard"
"2208","massive"
"2209","unstable"
"2210","firms"
"2211","monetary"
"2212","micro"
"2213","increased"
"2214","complacent"
"2215","absolutely"
"2216","vendors"
"2217","delays"
"2218","superiority"
"2219","lengthy"
"2220","bettershow"
"2221","faced"
"2222","involved"
"2223","managed"
"2224","skip"
"2225","slides"
"2226","understand"
"2227","sept"
"2228","engaged"
"2229","bright"
"2230","dependency"
"2231","independence"
"2232","feels"
"2233","cycle"
"2234","authorities"
"2235","quarters"
"2236","today"
"2237","ambition"
"2238","cheep"
"2239","celebrate"
"2240","unit"
"2241","confusion"
"2242","downside"
"2243","availability"
"2244","unproductive"
"2245","interacts"
"2246","offering"
"2247","worth"
"2248","prospects"
"2249","generate"
"2250","enviroment"
"2251","equipment"
"2252","rjil"
"2253","rollout"
"2254","introduce"
"2255","starters"
"2256","interesting"
"2257","must"
"2258","digital"
"2259","revolution"
"2260","phase"
"2261","dress"
"2262","stringent"
"2263","comfortable"
"2264","became"
"2265","ideal"
"2266","experts"
"2267","stationed"
"2268","worldwide"
"2269","rcp"
"2270","certainly"
"2271","X1st"
"2272","corporation"
"2273","enviornment"
"2274","detail"
"2275","assessment"
"2276","minimum"
"2277","colleague"
"2278","burden"
"2279","chill"
"2280","emerging"
"2281","recession"
"2282","throughout"
"2283","relaxed"
"2284","welfare"
"2285","capabilities"
"2286","vibrant"
"2287","bill"
"2288","sim"
"2289","summer"
"2290","workspace"
"2291","progressive"
"2292","generation"
"2293","promises"
"2294","develop"
"2295","attractive"
"2296","feature"
"2297","expectation"
"2298","supporting"
"2299","employers"
"2300","ease"
"2301","update"
"2302","centres"
"2303","figure"
"2304","layers"
"2305","special"
"2306","strategies"
"2307","cisco"
"2308","include"
"2309","energetic"
"2310","interns"
"2311","hardware"
"2312","north"
"2313","south"
"2314","X500"
"2315","educated"
"2316","mind"
"2317","independently"
"2318","X1work"
"2319","eateries"
"2320","date"
"2321","doubt"
"2322","payslips"
"2323","solution"
"2324","communicate"
"2325","expand"
"2326","games"
"2327","prepare"
"2328","cold"
"2329","drinks"
"2330","coworkers"
"2331","adjust"
"2332","loan"
"2333","diversified"
"2334","flex"
"2335","mentors"
"2336","benifits"
"2337","brilliant"
"2338","reasonable"
"2339","player"
"2340","plus"
"2341","technological"
"2342","performer"
"2343","rjio"
"2344","happening"
"2345","visions"
"2346","genders"
"2347","price"
"2348","caliber"
"2349","surrounded"
"2350","gymmedical"
"2351","grab"
"2352","incredible"
"2353","charged"
"2354","hardworking"
"2355","knowledgeable"
"2356","established"
"2357","learned"
"2358","approved"
"2359","rem"
"2360","reorganising"
"2361","mix"
"2362","pains"
"2363","governance"
"2364","opcos"
"2365","tight"
"2366","appear"
"2367","contractors"
"2368","dark"
"2369","remains"
"2370","schemes"
"2371","selling"
"2372","skeleton"
"2373","strategic"
"2374","theyre"
"2375","education"
"2376","missed"
"2377","fragmented"
"2378","tied"
"2379","commoditised"
"2380","lol"
"2381","profession"
"2382","brings"
"2383","tends"
"2384","retention"
"2385","gone"
"2386","stakeholder"
"2387","disaster"
"2388","drives"
"2389","exception"
"2390","majority"
"2391","powerful"
"2392","proactive"
"2393","felt"
"2394","cog"
"2395","urgency"
"2396","egypt"
"2397","continued"
"2398","block"
"2399","consultants"
"2400","deals"
"2401","increases"
"2402","community"
"2403","closed"
"2404","ignore"
"2405","metro"
"2406","thereshow"
"2407","intelligence"
"2408","australia"
"2409","unwilling"
"2410","silo"
"2411","track"
"2412","selfish"
"2413","obligatory"
"2414","forcing"
"2415","measures"
"2416","reorganisation"
"2417","groups"
"2418","inconsistent"
"2419","anyhting"
"2420","raises"
"2421","possibilities"
"2422","foreign"
"2423","languages"
"2424","clock"
"2425","crazy"
"2426","meant"
"2427","occasionally"
"2428","periods"
"2429","organisational"
"2430","veel"
"2431","anger"
"2432","exposed"
"2433","employess"
"2434","brought"
"2435","pension"
"2436","together"
"2437","drivers"
"2438","reorgs"
"2439","clunky"
"2440","crm"
"2441","questionable"
"2442","couple"
"2443","sickness"
"2444","donâ"
"2445","finally"
"2446","source"
"2447","wanting"
"2448","address"
"2449","multinationals"
"2450","navigate"
"2451","transition"
"2452","content"
"2453","italy"
"2454","knowing"
"2455","standing"
"2456","desired"
"2457","differentiate"
"2458","opco"
"2459","early"
"2460","frustrating"
"2461","chaos"
"2462","lines"
"2463","inside"
"2464","lives"
"2465","mobility"
"2466","onboarding"
"2467","meritocratic"
"2468","untrusted"
"2469","tailored"
"2470","wasnt"
"2471","designed"
"2472","papers"
"2473","becoming"
"2474","advancement"
"2475","handsets"
"2476","rental"
"2477","harder"
"2478","whilst"
"2479","X2016"
"2480","improving"
"2481","desire"
"2482","kids"
"2483","stronger"
"2484","correct"
"2485","generous"
"2486","nonexistent"
"2487","severely"
"2488","unable"
"2489","unpaid"
"2490","adhere"
"2491","calling"
"2492","disciplinary"
"2493","drink"
"2494","solving"
"2495","criteria"
"2496","react"
"2497","corporates"
"2498","facetime"
"2499","comms"
"2500","carefully"
"2501","require"
"2502","allowing"
"2503","disjointed"
"2504","opposite"
"2505","patient"
"2506","difficulty"
"2507","sells"
"2508","folk"
"2509","ireland"
"2510","questions"
"2511","split"
"2512","light"
"2513","integrated"
"2514","confidence"
"2515","honest"
"2516","vary"
"2517","loyalty"
"2518","regards"
"2519","pulling"
"2520","visionary"
"2521","appropriate"
"2522","X3rd"
"2523","demand"
"2524","outdated"
"2525","fear"
"2526","creativity"
"2527","extent"
"2528","near"
"2529","thrive"
"2530","actively"
"2531","partners"
"2532","ranking"
"2533","supports"
"2534","structural"
"2535","favorites"
"2536","shine"
"2537","redundancies"
"2538","directly"
"2539","volume"
"2540","commitment"
"2541","fully"
"2542","supported"
"2543","networks"
"2544","backs"
"2545","crisis"
"2546","acting"
"2547","fat"
"2548","profit"
"2549","miles"
"2550","patterns"
"2551","silly"
"2552","site"
"2553","mentality"
"2554","pressured"
"2555","enivronment"
"2556","comparing"
"2557","seniority"
"2558","compromised"
"2559","redundant"
"2560","americas"
"2561","timeoff"
"2562","managementpoor"
"2563","invest"
"2564","payments"
"2565","greatly"
"2566","theyll"
"2567","agent"
"2568","beating"
"2569","blur"
"2570","compete"
"2571","decided"
"2572","doors"
"2573","fellow"
"2574","honestly"
"2575","outcome"
"2576","prices"
"2577","purchase"
"2578","rated"
"2579","sale"
"2580","threatened"
"2581","visit"
"2582","wouldnt"
"2583","hungry"
"2584","passionate"
"2585","elsewhere"
"2586","appetite"
"2587","investments"
"2588","verizon"
"2589","handset"
"2590","legal"
"2591","fulfill"
"2592","timer"
"2593","departmental"
"2594","email"
"2595","guaranteed"
"2596","nowhere"
"2597","obviously"
"2598","paddington"
"2599","reasons"
"2600","tiring"
"2601","europe"
"2602","lacking"
"2603","creative"
"2604","stifles"
"2605","union"
"2606","basically"
"2607","tricky"
"2608","wel"
"2609","portugal"
"2610","competetive"
"2611","coaching"
"2612","break."
"2613","laptop"
"2614","upgrade"
"2615","distance"
"2616","saturated"
"2617","encourages"
"2618","seriously"
"2619","reorganisations"
"2620","relocate"
"2621","introduction"
"2622","win"
"2623","oportunities"
"2624","chairs"
"2625","representatives"
"2626","achievements"
"2627","premises"
"2628","dismissal"
"2629","personnel"
"2630","telecommunications"
"2631","alot"
"2632","geek"
"2633","redundancy"
"2634","total"
"2635","stretching"
"2636","appreciate"
"2637","favor"
"2638","hitting"
"2639","failure"
"2640","european"
"2641","flow"
"2642","het"
"2643","voor"
"2644","revenues"
"2645","trusting"
"2646","expecting"
"2647","university"
"2648","timehr"
"2649","taught"
"2650","trips"
"2651","execute"
"2652","rates"
"2653","grounds"
"2654","rotation"
"2655","commercial"
"2656","events"
"2657","sectors"
"2658","practises"
"2659","matched"
"2660","updated"
"2661","connection"
"2662","wor"
"2663","visible"
"2664","speak"
"2665","whit"
"2666","ratio"
"2667","proactivity"
"2668","funding"
"2669","enjoyable"
"2670","informal"
"2671","encouraging"
"2672","collegues"
"2673","cultures"
"2674","collaborative"
"2675","shares"
"2676","enormous"
"2677","healthcare"
"2678","street"
"2679","csr"
"2680","liberal"
"2681","reputation"
"2682","marketplace"
"2683","resume"
"2684","minded"
"2685","courses"
"2686","friendship"
"2687","healty"
"2688","intelligent"
"2689","boost"
"2690","spaces"
"2691","lovely"
"2692","includes"
"2693","solid"
"2694","giant"
"2695","campuses"
"2696","programmes"
"2697","worlwide"
"2698","blast"
"2699","multicultural"
"2700","active"
"2701","casual"
"2702","air"
"2703","loved"
"2704","exceed"
"2705","enthusiasm"
"2706","mannered"
"2707","toward"
"2708","studying"
"2709","capacity"
"2710","packet"
"2711","accounts"
"2712","exchange"
"2713","comfy"
"2714","mentoring"
"2715","avenues"
"2716","pleasant"
"2717","admired"
"2718","outstanding"
"2719","buildings"
"2720","teamspirit"
"2721","restaurant"
"2722","turkey"
"2723","innovations"
"2724","organised"
"2725","inclusion"
"2726","workplaces"
"2727","second"
"2728","wellbeing"
"2729","automated"
"2730","greece"
"2731","library"
"2732","commute"
"2733","commissions"
"2734","topics"
"2735","gartner"
"2736","door"
"2737","bike"
"2738","alright"
"2739","inclusive"
"2740","rooms"
"2741","culturegood"
"2742","array"
"2743","vast"
"2744","indeed"
"2745","headoffice"
"2746","motivational"
"2747","postpaid"
"2748","hourly"
"2749","bored"
"2750","inout"
